"Reference","Value","Datasheet","Footprint","Qty","DNP"
"C1,C2","1uF","~","Capacitor_THT:CP_Radial_D5.0mm_P2.50mm","2",""
"J1","Output - RL","~","","1",""
"J2,J3","Input","~","","2",""
"J4,J5","GND","~","Connector_PinHeader_2.54mm:PinHeader_1x02_P2.54mm_Vertical","2",""
"J6","Vbase","~","Connector_PinHeader_2.54mm:PinHeader_1x02_P2.54mm_Vertical","1",""
"Q1","BC548","https://www.onsemi.com/pub/Collateral/BC550-D.pdf","Package_TO_SOT_THT:TO-92_Inline","1",""
"Rb1","1Meg","~","Resistor_THT:R_Axial_DIN0207_L6.3mm_D2.5mm_P10.16mm_Horizontal","1",""
"Re1","4k7","~","Resistor_THT:R_Axial_DIN0207_L6.3mm_D2.5mm_P10.16mm_Horizontal","1",""
